"anno,""kvinnelig bestyrer,kvinnelige bestyreren,kvinnelige bestyrer,kvinnelige bestyrere,kvinnelige bestyrerer,kvinnelige bestyrerne,kvindelig bestyrer,kvindelige bestyreren,kvindelige bestyrer,kvindelige bestyrere,kvindelige bestyrerer,kvindelige bestyrerne"""
1810
1811
1812
1813
1814
1815
1816
1817
1818
1819
1820
1821
1822
1823
1824
1825
1826
1827
1828
1829
1830
1831
1832
1833
1834
1835
1836
1837
1838
1839
1840
1841
1842
1843
1844
1845
1846
1847
1848
1849
1850
1851
1852
1853
1854
1855
1856
1857
1858
1859
1860
1861
1862
1863
1864
1865
1866
1867
1868
1869
1870
1871
1872
1873
1874
1875
1876
1877
1878
1879
1880
1881
1882
1883
1884
1885
1886
1887
1888
1889
1890
1891
1892
1893
1894
1895
1896
1897
1898
1899
1900
1901
1902
1903
1904
1905
1906
1907
1908
1909
1910
1911
1912
1913
1914
1915
1916
1917
1918
1919
1920
1921
1922
1923
1924
1925
1926
1927
1928
1929
1930
1931
1932
1933
1934,0.000002954871823496169
1935
1936
1937
1938
1939
1940
1941
1942
1943
1944
1945
1946
1947
1948,0.000004173049751975483
1949,0.0000026250809739039912
1950
1951
1952
1953
1954
1955
1956,0.000001737587940194447
1957
1958
1959
1960
1961,0.000001371363877533558
1962,0.000002629463734084489
1963
1964
1965
1966,0.0000017718929302275343
1967
1968
1969
1970,0.000001106080729691191
1971,0.000002258675704667152
1972,0.0000017008626713103924
1973
1974,0.0000022508078951385963
1975,0.000003831165358953102
1976,0.0000032054496576197785
1977,0.000004975035273000086
1978,0.000001451497654312054
1979
1980
1981,0.0000063010098250386
1982,0.0000036416008708669983
1983,8.81039364605335e-7
1984,8.541709146543727e-7
1985
1986,0.000001952079219310111
1987,0.0000011561016503609255
1988,7.73492633316106e-7
1989
1990
1991
1992
1993,0.0000020225239031797884
1994,7.589317885313881e-7
1995,0.000003112485441738407
1996
1997
1998
1999
2000
2001
2002
2003
2004
2005
2006
2007
2008
2009
2010
2011
2012
2013
