"anno,""Kvinnelig kontorist,kvinnelige kontoristen,kvinnelige kontorist,kvinnelige kontorister,kvinnelige kontoristene,kvinnelige kontoristerne,Kvindelig kontorist,kvindelige kontoristen,kvindelige kontorist,kvindelige kontorister,kvindelige kontoristene,kvindelige kontoristerne"""
1810
1811
1812
1813
1814
1815
1816
1817
1818
1819
1820
1821
1822
1823
1824
1825
1826
1827
1828
1829
1830
1831
1832
1833
1834
1835
1836
1837
1838
1839
1840
1841
1842
1843
1844
1845
1846
1847
1848
1849
1850
1851
1852
1853
1854
1855
1856
1857
1858
1859
1860
1861
1862
1863
1864
1865
1866
1867
1868
1869
1870
1871
1872
1873
1874
1875
1876
1877
1878
1879
1880
1881
1882
1883
1884
1885
1886
1887
1888
1889
1890
1891
1892
1893
1894
1895
1896
1897
1898
1899
1900
1901
1902
1903
1904,0.000004561664628058744
1905
1906,0.000019719727025515594
1907
1908
1909
1910
1911
1912,0.0000044669383577694215
1913,0.000016628646849326334
1914,0.000012051658711969333
1915,0.000011636987886710198
1916,0.000004190746433753361
1917,0.000007896532679879461
1918,0.00000729493584277181
1919,0.000026021752623888417
1920,0.000009838012984248889
1921,0.00000393673524735039
1922
1923
1924
1925
1926
1927
1928
1929,0.0000030672367432877744
1930
1931,0.00000468723348683346
1932
1933
1934,0.00001034205138223659
1935
1936,0.0000055278795356752555
1937
1938,0.000006888559000390733
1939
1940
1941,0.00000539393168661034
1942
1943
1944,0.0000045719508710960855
1945,0.000004035637015516479
1946,0.0000032102389157713404
1947,0.000008222449355508796
1948,0.000002782033167983656
1949
1950,0.000004975879176896038
1951
1952
1953,0.00000290400076247444
1954,0.0000018341778835967985
1955,0.0000017099549309743775
1956,0.00000955673367106946
1957
1958,0.000007465119106555965
1959
1960
1961
1962
1963
1964
1965
1966
1967
1968,0.0000017476352179883953
1969
1970
1971
1972
1973,0.0000033327096907749205
1974
1975
1976
1977
1978
1979
1980
1981
1982,9.104002177167496e-7
1983
1984
1985
1986
1987
1988
1989
1990
1991
1992
1993
1994
1995
1996
1997
1998
1999
2000
2001
2002
2003
2004
2005
2006
2007,0.0000010080428360948508
2008
2009
2010
2011
2012
2013
