"anno,""Kvinnelig pianist,kvinnelige pianisten,kvinnelige pianist,kvinnelige pianister,kvinnelige pianistene,kvinnelige pianisterne,kvindelig pianist,kvindelige pianisten,kvindelige pianist,kvindelige pianister,kvindelige pianistene,kvindelige pianisterne"""
1810
1811
1812
1813
1814
1815
1816
1817
1818
1819
1820
1821
1822
1823
1824
1825
1826
1827
1828
1829
1830
1831
1832
1833
1834
1835
1836
1837
1838
1839
1840
1841
1842
1843
1844
1845
1846
1847
1848
1849
1850
1851
1852
1853
1854
1855
1856
1857
1858
1859
1860
1861
1862
1863
1864
1865
1866
1867
1868
1869
1870
1871
1872
1873
1874
1875
1876
1877
1878
1879
1880
1881
1882
1883
1884
1885
1886
1887
1888
1889
1890
1891
1892
1893
1894
1895
1896
1897
1898
1899
1900
1901
1902
1903
1904
1905
1906
1907
1908
1909
1910
1911
1912
1913
1914
1915
1916
1917
1918
1919
1920
1921
1922
1923
1924
1925
1926
1927
1928
1929
1930
1931
1932
1933
1934
1935
1936
1937
1938
1939
1940
1941
1942
1943
1944
1945
1946
1947
1948
1949
1950
1951
1952
1953,0.000004840001270790733
1954,0.0000018341778835967985
1955
1956
1957
1958
1959
1960
1961
1962
1963
1964
1965
1966
1967
1968
1969
1970
1971
1972
1973
1974
1975,0.0000060204027069263045
1976,0.000002671208048016482
1977
1978,0.000003870660411498811
1979
1980,0.0000014914702592154926
1981
1982
1983,8.81039364605335e-7
1984
1985,8.034900780706313e-7
1986,0.0000027329109070341557
1987,0.000003853672167869752
1988
1989
1990,0.000005610440268359701
1991,0.0000017917972545570522
1992,0.0000013021055267725852
1993
1994,0.0000017708408399065722
1995,5.187475736230679e-7
1996
1997,4.655364083560238e-7
1998,0.0000010971788295614429
1999
2000
2001
2002
2003
2004
2005
2006
2007
2008,1.8730051114222082e-7
2009
2010,1.4043877885948266e-7
2011
2012
2013
