"anno,""Mannlig ekspeditør,mannlige ekspeditøren,mannlige ekspeditør,mannlige ekspeditører,mannlige ekspeditørene,mannlige ekspeditørerne,Mandlig ekspeditør,mandlige ekspeditøren,mandlige ekspeditør,mandlige ekspeditører,mandlige ekspeditørene,mandlige ekspeditørerne"""
1810
1811
1812
1813
1814
1815
1816
1817
1818
1819
1820
1821
1822
1823
1824
1825
1826
1827
1828
1829
1830
1831
1832
1833
1834
1835
1836
1837
1838
1839
1840
1841
1842
1843
1844
1845
1846
1847
1848
1849
1850
1851
1852
1853
1854
1855
1856
1857
1858
1859
1860
1861
1862
1863
1864
1865
1866
1867
1868
1869
1870
1871
1872
1873
1874
1875
1876
1877
1878
1879
1880
1881
1882
1883
1884
1885
1886
1887
1888
1889
1890
1891
1892
1893
1894
1895
1896
1897
1898
1899
1900
1901
1902
1903
1904
1905
1906
1907
1908
1909
1910
1911
1912
1913
1914
1915
1916
1917
1918
1919
1920
1921
1922
1923
1924
1925
1926
1927
1928
1929
1930
1931
1932
1933
1934
1935
1936
1937
1938
1939
1940
1941
1942
1943
1944
1945
1946
1947,0.000003288979742203519
1948
1949
1950
1951
1952
1953
1954
1955,0.0000017099549309743775
1956,0.000002606381910291671
1957
1958,0.0000016589153570124366
1959
1960
1961,0.000001371363877533558
1962
1963,0.0000024727136665079266
1964
1965
1966,0.0000011812619534850229
1967,0.0000018120625269570727
1968
1969
1970,0.0000027652018242279773
1971,0.0000039526824831675155
1972,0.0000011339084475402614
1973,0.0000016663548453874602
1974,0.0000022508078951385963
1975,0.0000021892373479732013
1976,0.000006945140924842853
1977,0.000004975035273000086
1978,0.0000019353302057494053
1979,0.0000023741122695660516
1980,9.94313506143662e-7
1981
1982
1983
1984
1985,8.034900780706313e-7
1986,0.0000011712475315860668
1987,7.707344335739503e-7
1988
1989
1990
1991
1992
1993,5.056309757949471e-7
1994,0.0000012648863142189801
1995,0.0000012968689340576696
1996,4.898003689533933e-7
1997
1998,0.000003291536488684328
1999,7.423253928377937e-7
2000,9.90504805499685e-7
2001,4.869851466413569e-7
2002,8.139760932453895e-7
2003
2004
2005,0.0000011797562927876224
2006
2007
2008,4.370345259985153e-7
2009
2010
2011
2012
2013
