"anno,""mannlig kunstner,mannlige kunstneren,mannlige kunstner,mannlige kunstnere,mannlige kunstnerer,mannlige kunstnerne,mandlige kunstner,mandlige kunstneren,mandlige kunstner,mandlige kunstnere,mandlige kunstnerer,mandlige kunstnerne"""
1810
1811
1812
1813
1814
1815
1816
1817
1818
1819
1820
1821
1822
1823
1824
1825
1826
1827
1828
1829
1830
1831
1832
1833
1834
1835
1836
1837
1838
1839
1840
1841
1842
1843
1844
1845
1846
1847
1848
1849
1850
1851
1852
1853
1854
1855
1856
1857
1858
1859
1860
1861
1862
1863
1864
1865
1866
1867
1868
1869
1870
1871
1872
1873
1874
1875
1876
1877
1878
1879
1880
1881
1882
1883
1884
1885
1886
1887
1888
1889
1890
1891
1892
1893
1894
1895
1896
1897
1898
1899
1900
1901
1902
1903
1904
1905
1906
1907
1908
1909
1910
1911
1912
1913
1914
1915
1916
1917
1918
1919
1920
1921
1922
1923
1924
1925
1926
1927
1928,0.000003156356627645051
1929
1930
1931
1932
1933
1934
1935,0.000002870656596097124
1936
1937
1938
1939
1940
1941
1942
1943
1944
1945
1946
1947
1948,0.000004173049751975483
1949
1950
1951
1952
1953,0.0000019360005083162934
1954
1955
1956
1957
1958
1959
1960
1961
1962
1963
1964
1965
1966
1967
1968
1969,0.000001124541112022608
1970
1971
1972
1973
1974
1975,0.0000027365466849665018
1976
1977
1978
1979,0.000001424467361739631
1980
1981
1982,0.0000013656003265751244
1983,0.00000176207872921067
1984
1985
1986,0.0000015616633754480891
1987
1988
1989,7.7316932350197e-7
1990,0.000001275100060990841
1991,0.000003327623472748812
1992,0.0000023437899481906534
1993,0.0000032866013426671566
1994,0.0000025297726284379602
1995,0.0000023343640813038054
1996
1997,0.0000034915230626701784
1998,0.0000017554861272983084
1999,0.0000017320925832881852
2000,0.0000014857572082495272
2001,0.000002191433159886106
2002,0.000001627952186490779
2003,0.0000021419393199461
2004,0.0000020513488486107128
2005,0.0000026544516587721505
2006,0.000003840731630776984
2007,0.000004284182053403115
2008,0.0000018730051114222084
2009,0.0000012512347258360817
2010,0.0000013341683991650851
2011
2012
2013
