"anno,""Mannlig forfatter,mannlige forfatteren,mannlige forfatter,mannlige forfattere,mannlige forfatterne,mandlig forfatter,mandlige forfatteren,mandlige forfatter,mandlige forfattere,mandlige forfatterne"""
1810
1811
1812
1813
1814
1815
1816
1817
1818
1819
1820
1821
1822
1823
1824
1825
1826
1827
1828
1829
1830
1831
1832
1833
1834
1835
1836
1837
1838
1839
1840
1841
1842
1843
1844
1845
1846
1847
1848
1849
1850
1851
1852
1853
1854
1855
1856
1857
1858
1859
1860
1861
1862
1863
1864
1865
1866
1867
1868
1869
1870
1871
1872
1873
1874
1875
1876
1877
1878
1879
1880
1881
1882
1883
1884
1885
1886
1887
1888
1889
1890
1891
1892
1893
1894
1895
1896
1897
1898
1899
1900
1901
1902
1903
1904
1905
1906
1907
1908
1909
1910
1911
1912
1913
1914
1915
1916
1917
1918
1919
1920
1921
1922
1923
1924
1925
1926
1927
1928
1929
1930,0.0000032030394538228374
1931
1932
1933
1934,0.000002954871823496169
1935
1936
1937
1938
1939
1940
1941
1942
1943
1944
1945,0.000004035637015516479
1946
1947
1948
1949
1950
1951
1952
1953
1954
1955
1956
1957,0.000001676173503736484
1958
1959
1960
1961,0.000002742727755067116
1962
1963
1964
1965
1966,0.0000017718929302275343
1967
1968
1969
1970
1971
1972
1973,0.0000022218064605166136
1974,0.0000011254039475692981
1975,0.0000027365466849665018
1976,0.0000032054496576197785
1977
1978,0.000002902995308624108
1979,0.000010446093986090626
1980,0.000003977254024574648
1981,0.0000094515147375579
1982,0.000011380002721459371
1983,0.000010131952692961353
1984,0.000009395880061198101
1985,0.000008838390858776945
1986,0.00000858914856496449
1987,0.000007707344335739503
1988,0.000007734926333161059
1989,0.00000618535458801576
1990,0.000008160640390341384
1991,0.000004607478654575278
1992,0.000007812633160635511
1993,0.000008595726588514102
1994,0.00001138397682797082
1995,0.000005187475736230678
1996,0.0000061225046119174164
1997,0.00001094010559636656
1998,0.000003291536488684328
1999,0.000006433486737927546
2000,0.0000042096454233736606
2001,0.0000012174628666033924
2002,0.000005426507288302596
2003,0.000008032272449797876
2004,0.000010842843914085197
2005,0.00001002792848869479
2006,0.000009749549524280038
2007,0.0000050402141804742536
2008,0.000002684640659705165
2009,0.000005136647821853388
2010,0.000003089653134908619
2011
2012
2013
